{"cameraMode":{"drawMode":0,"name":"Shaded","section":"Shading Mode"},"sceneLighting":true,"audioPlay":false,"sceneViewState":{"showFog":true,"showMaterialUpdate":false,"showSkybox":true,"showFlares":true,"showImageEffects":true,"showParticleSystems":true},"in2DMode":false,"pivot":{"x":397.3669128417969,"y":513.0018310546875,"z":486.0965576171875},"rotation":{"x":-0.013810302130877972,"y":-0.011401606723666191,"z":0.00016020378097891808,"w":-0.9998531341552734},"size":956.56982421875,"orthographic":false}