{"cameraMode":{"drawMode":0,"name":"Shaded","section":"Shading Mode"},"sceneLighting":true,"audioPlay":false,"sceneViewState":{"showFog":true,"showMaterialUpdate":false,"showSkybox":true,"showFlares":true,"showImageEffects":true,"showParticleSystems":true},"in2DMode":false,"pivot":{"x":-0.23736464977264405,"y":-20.479026794433595,"z":38.97224426269531},"rotation":{"x":-0.3929121196269989,"y":0.00882657989859581,"z":-0.003767577465623617,"w":-0.9195377230644226},"size":45.12226104736328,"orthographic":false}